trial,vernal_offset,correction_period,calendar_year,tropical_year,amplitude,coupling_strength,top3_error,bounded_90deg,bounded_strict,dynamically_bounded,both_strict
0,0.0,290.0,360.0,365.24219,5000.0,21.46015115307116,0.046597994248371834,False,False,True,False
1,0.0,290.0,361.0,365.24219,5000.0,21.46015115307116,0.046597994248371834,False,False,True,False
2,0.0,290.0,362.0,365.24219,5000.0,21.46015115307116,0.046597994248371834,False,False,True,False
3,0.0,290.0,363.0,365.24219,5000.0,21.46015115307116,0.046597994248371834,False,False,True,False
4,0.0,290.0,364.0,365.24219,191.88334714301195,21.46015115307116,0.046597994248371834,False,False,True,False
5,0.0,290.0,365.0,365.24219,5000.0,21.46015115307116,0.046597994248371834,False,False,True,False
6,0.0,290.0,366.0,365.24219,5000.0,21.46015115307116,0.046597994248371834,False,False,True,False
7,0.0,290.0,367.0,365.24219,5000.0,21.46015115307116,0.046597994248371834,False,False,True,False
8,0.0,290.0,368.0,365.24219,5000.0,21.46015115307116,0.046597994248371834,False,False,True,False
9,0.0,291.0,360.0,365.24219,5000.0,21.46015115307116,0.046597994248371834,False,False,True,False
10,0.0,291.0,361.0,365.24219,5000.0,21.46015115307116,0.046597994248371834,False,False,True,False
11,0.0,291.0,362.0,365.24219,5000.0,21.46015115307116,0.046597994248371834,False,False,True,False
12,0.0,291.0,363.0,365.24219,5000.0,21.46015115307116,0.046597994248371834,False,False,True,False
13,0.0,291.0,364.0,365.24219,146.1968359184853,21.46015115307116,0.046597994248371834,False,False,True,False
14,0.0,291.0,365.0,365.24219,5000.0,21.46015115307116,0.046597994248371834,False,False,True,False
15,0.0,291.0,366.0,365.24219,5000.0,21.46015115307116,0.046597994248371834,False,False,True,False
16,0.0,291.0,367.0,365.24219,5000.0,21.46015115307116,0.046597994248371834,False,False,True,False
17,0.0,291.0,368.0,365.24219,5000.0,21.46015115307116,0.046597994248371834,False,False,True,False
18,0.0,292.0,360.0,365.24219,5000.0,21.46015115307116,0.046597994248371834,False,False,True,False
19,0.0,292.0,361.0,365.24219,5000.0,21.46015115307116,0.046597994248371834,False,False,True,False
20,0.0,292.0,362.0,365.24219,5000.0,21.46015115307116,0.046597994248371834,False,False,True,False
21,0.0,292.0,363.0,365.24219,5000.0,21.46015115307116,0.046597994248371834,False,False,True,False
22,0.0,292.0,364.0,365.24219,100.51032469395864,21.46015115307116,0.046597994248371834,False,False,True,False
23,0.0,292.0,365.0,365.24219,5000.0,21.46015115307116,0.046597994248371834,False,False,True,False
24,0.0,292.0,366.0,365.24219,5000.0,21.46015115307116,0.046597994248371834,False,False,True,False
25,0.0,292.0,367.0,365.24219,5000.0,21.46015115307116,0.046597994248371834,False,False,True,False
26,0.0,292.0,368.0,365.24219,5000.0,21.46015115307116,0.046597994248371834,False,False,True,False
27,0.0,293.0,360.0,365.24219,5000.0,21.46015115307116,0.046597994248371834,False,False,True,False
28,0.0,293.0,361.0,365.24219,5000.0,21.46015115307116,0.046597994248371834,False,False,True,False
29,0.0,293.0,362.0,365.24219,5000.0,21.46015115307116,0.046597994248371834,False,False,True,False
30,0.0,293.0,363.0,365.24219,2796.0144869410315,21.46015115307116,0.046597994248371834,False,False,True,False
31,0.0,293.0,364.0,365.24219,54.82381346943199,21.46015115307116,0.046597994248371834,True,False,True,False
32,0.0,293.0,365.0,365.24219,2796.0144869410315,21.46015115307116,0.046597994248371834,False,False,True,False
33,0.0,293.0,366.0,365.24219,5000.0,21.46015115307116,0.046597994248371834,False,False,True,False
34,0.0,293.0,367.0,365.24219,5000.0,21.46015115307116,0.046597994248371834,False,False,True,False
35,0.0,293.0,368.0,365.24219,5000.0,21.46015115307116,0.046597994248371834,False,False,True,False
36,0.0,294.0,360.0,365.24219,1836.5977512259715,21.46015115307116,0.046597994248371834,False,False,True,False
37,0.0,294.0,361.0,365.24219,1379.7326389807051,21.46015115307116,0.046597994248371834,False,False,True,False
38,0.0,294.0,362.0,365.24219,922.8675267354383,21.46015115307116,0.046597994248371834,False,False,True,False
39,0.0,294.0,363.0,365.24219,466.00241449017193,21.46015115307116,0.046597994248371834,False,False,True,False
40,0.0,294.0,364.0,365.24219,9.137302244905332,21.46015115307116,0.046597994248371834,True,True,True,True
41,0.0,294.0,365.0,365.24219,466.00241449017193,21.46015115307116,0.046597994248371834,False,False,True,False
42,0.0,294.0,366.0,365.24219,922.8675267354383,21.46015115307116,0.046597994248371834,False,False,True,False
43,0.0,294.0,367.0,365.24219,1379.7326389807051,21.46015115307116,0.046597994248371834,False,False,True,False
44,0.0,294.0,368.0,365.24219,1836.5977512259715,21.46015115307116,0.046597994248371834,False,False,True,False
45,0.0,295.0,360.0,365.24219,5000.0,21.46015115307116,0.046597994248371834,False,False,True,False
46,0.0,295.0,361.0,365.24219,5000.0,21.46015115307116,0.046597994248371834,False,False,True,False
47,0.0,295.0,362.0,365.24219,5000.0,21.46015115307116,0.046597994248371834,False,False,True,False
48,0.0,295.0,363.0,365.24219,2796.0144869410315,21.46015115307116,0.046597994248371834,False,False,True,False
49,0.0,295.0,364.0,365.24219,54.82381346943199,21.46015115307116,0.046597994248371834,True,False,True,False
50,0.0,295.0,365.0,365.24219,2796.0144869410315,21.46015115307116,0.046597994248371834,False,False,True,False
51,0.0,295.0,366.0,365.24219,5000.0,21.46015115307116,0.046597994248371834,False,False,True,False
52,0.0,295.0,367.0,365.24219,5000.0,21.46015115307116,0.046597994248371834,False,False,True,False
53,0.0,295.0,368.0,365.24219,5000.0,21.46015115307116,0.046597994248371834,False,False,True,False
54,0.0,296.0,360.0,365.24219,5000.0,21.46015115307116,0.046597994248371834,False,False,True,False
55,0.0,296.0,361.0,365.24219,5000.0,21.46015115307116,0.046597994248371834,False,False,True,False
56,0.0,296.0,362.0,365.24219,5000.0,21.46015115307116,0.046597994248371834,False,False,True,False
57,0.0,296.0,363.0,365.24219,5000.0,21.46015115307116,0.046597994248371834,False,False,True,False
58,0.0,296.0,364.0,365.24219,100.51032469395864,21.46015115307116,0.046597994248371834,False,False,True,False
59,0.0,296.0,365.0,365.24219,5000.0,21.46015115307116,0.046597994248371834,False,False,True,False
60,0.0,296.0,366.0,365.24219,5000.0,21.46015115307116,0.046597994248371834,False,False,True,False
61,0.0,296.0,367.0,365.24219,5000.0,21.46015115307116,0.046597994248371834,False,False,True,False
62,0.0,296.0,368.0,365.24219,5000.0,21.46015115307116,0.046597994248371834,False,False,True,False
63,0.0,297.0,360.0,365.24219,5000.0,21.46015115307116,0.046597994248371834,False,False,True,False
64,0.0,297.0,361.0,365.24219,5000.0,21.46015115307116,0.046597994248371834,False,False,True,False
65,0.0,297.0,362.0,365.24219,5000.0,21.46015115307116,0.046597994248371834,False,False,True,False
66,0.0,297.0,363.0,365.24219,5000.0,21.46015115307116,0.046597994248371834,False,False,True,False
67,0.0,297.0,364.0,365.24219,146.1968359184853,21.46015115307116,0.046597994248371834,False,False,True,False
68,0.0,297.0,365.0,365.24219,5000.0,21.46015115307116,0.046597994248371834,False,False,True,False
69,0.0,297.0,366.0,365.24219,5000.0,21.46015115307116,0.046597994248371834,False,False,True,False
70,0.0,297.0,367.0,365.24219,5000.0,21.46015115307116,0.046597994248371834,False,False,True,False
71,0.0,297.0,368.0,365.24219,5000.0,21.46015115307116,0.046597994248371834,False,False,True,False
72,0.0,298.0,360.0,365.24219,5000.0,21.46015115307116,0.046597994248371834,False,False,True,False
73,0.0,298.0,361.0,365.24219,5000.0,21.46015115307116,0.046597994248371834,False,False,True,False
74,0.0,298.0,362.0,365.24219,5000.0,21.46015115307116,0.046597994248371834,False,False,True,False
75,0.0,298.0,363.0,365.24219,5000.0,21.46015115307116,0.046597994248371834,False,False,True,False
76,0.0,298.0,364.0,365.24219,191.88334714301195,21.46015115307116,0.046597994248371834,False,False,True,False
77,0.0,298.0,365.0,365.24219,5000.0,21.46015115307116,0.046597994248371834,False,False,True,False
78,0.0,298.0,366.0,365.24219,5000.0,21.46015115307116,0.046597994248371834,False,False,True,False
79,0.0,298.0,367.0,365.24219,5000.0,21.46015115307116,0.046597994248371834,False,False,True,False
80,0.0,298.0,368.0,365.24219,5000.0,21.46015115307116,0.046597994248371834,False,False,True,False
81,45.5,290.0,360.0,365.24219,5000.0,21.46015115307116,0.046597994248371834,False,False,True,False
82,45.5,290.0,361.0,365.24219,5000.0,21.46015115307116,0.046597994248371834,False,False,True,False
83,45.5,290.0,362.0,365.24219,5000.0,21.46015115307116,0.046597994248371834,False,False,True,False
84,45.5,290.0,363.0,365.24219,5000.0,21.46015115307116,0.046597994248371834,False,False,True,False
85,45.5,290.0,364.0,365.24219,184.496974643006,21.46015115307116,0.046597994248371834,False,False,True,False
86,45.5,290.0,365.0,365.24219,5000.0,21.46015115307116,0.046597994248371834,False,False,True,False
87,45.5,290.0,366.0,365.24219,5000.0,21.46015115307116,0.046597994248371834,False,False,True,False
88,45.5,290.0,367.0,365.24219,5000.0,21.46015115307116,0.046597994248371834,False,False,True,False
89,45.5,290.0,368.0,365.24219,5000.0,21.46015115307116,0.046597994248371834,False,False,True,False
90,45.5,291.0,360.0,365.24219,5000.0,21.46015115307116,0.046597994248371834,False,False,True,False
91,45.5,291.0,361.0,365.24219,5000.0,21.46015115307116,0.046597994248371834,False,False,True,False
92,45.5,291.0,362.0,365.24219,5000.0,21.46015115307116,0.046597994248371834,False,False,True,False
93,45.5,291.0,363.0,365.24219,5000.0,21.46015115307116,0.046597994248371834,False,False,True,False
94,45.5,291.0,364.0,365.24219,140.56912353752838,21.46015115307116,0.046597994248371834,False,False,True,False
95,45.5,291.0,365.0,365.24219,5000.0,21.46015115307116,0.046597994248371834,False,False,True,False
96,45.5,291.0,366.0,365.24219,5000.0,21.46015115307116,0.046597994248371834,False,False,True,False
97,45.5,291.0,367.0,365.24219,5000.0,21.46015115307116,0.046597994248371834,False,False,True,False
98,45.5,291.0,368.0,365.24219,5000.0,21.46015115307116,0.046597994248371834,False,False,True,False
99,45.5,292.0,360.0,365.24219,5000.0,21.46015115307116,0.046597994248371834,False,False,True,False
100,45.5,292.0,361.0,365.24219,5000.0,21.46015115307116,0.046597994248371834,False,False,True,False
101,45.5,292.0,362.0,365.24219,5000.0,21.46015115307116,0.046597994248371834,False,False,True,False
102,45.5,292.0,363.0,365.24219,4928.704894034589,21.46015115307116,0.046597994248371834,False,False,True,False
103,45.5,292.0,364.0,365.24219,96.64127243205077,21.46015115307116,0.046597994248371834,False,False,True,False
104,45.5,292.0,365.0,365.24219,4928.704894034589,21.46015115307116,0.046597994248371834,False,False,True,False
105,45.5,292.0,366.0,365.24219,5000.0,21.46015115307116,0.046597994248371834,False,False,True,False
106,45.5,292.0,367.0,365.24219,5000.0,21.46015115307116,0.046597994248371834,False,False,True,False
107,45.5,292.0,368.0,365.24219,5000.0,21.46015115307116,0.046597994248371834,False,False,True,False
108,45.5,293.0,360.0,365.24219,5000.0,21.46015115307116,0.046597994248371834,False,False,True,False
109,45.5,293.0,361.0,365.24219,5000.0,21.46015115307116,0.046597994248371834,False,False,True,False
110,45.5,293.0,362.0,365.24219,5000.0,21.46015115307116,0.046597994248371834,False,False,True,False
111,45.5,293.0,363.0,365.24219,2688.3844876552307,21.46015115307116,0.046597994248371834,False,False,True,False
112,45.5,293.0,364.0,365.24219,52.71342132657315,21.46015115307116,0.046597994248371834,True,False,True,False
113,45.5,293.0,365.0,365.24219,2688.3844876552307,21.46015115307116,0.046597994248371834,False,False,True,False
114,45.5,293.0,366.0,365.24219,5000.0,21.46015115307116,0.046597994248371834,False,False,True,False
115,45.5,293.0,367.0,365.24219,5000.0,21.46015115307116,0.046597994248371834,False,False,True,False
116,45.5,293.0,368.0,365.24219,5000.0,21.46015115307116,0.046597994248371834,False,False,True,False
117,45.5,294.0,360.0,365.24219,1765.8996144402004,21.46015115307116,0.046597994248371834,False,False,True,False
118,45.5,294.0,361.0,365.24219,1326.6211033854242,21.46015115307116,0.046597994248371834,False,False,True,False
119,45.5,294.0,362.0,365.24219,887.3425923306479,21.46015115307116,0.046597994248371834,False,False,True,False
120,45.5,294.0,363.0,365.24219,448.0640812758718,21.46015115307116,0.046597994248371834,False,False,True,False
121,45.5,294.0,364.0,365.24219,8.785570221095524,21.46015115307116,0.046597994248371834,True,True,True,True
122,45.5,294.0,365.0,365.24219,448.0640812758718,21.46015115307116,0.046597994248371834,False,False,True,False
123,45.5,294.0,366.0,365.24219,887.3425923306479,21.46015115307116,0.046597994248371834,False,False,True,False
124,45.5,294.0,367.0,365.24219,1326.6211033854242,21.46015115307116,0.046597994248371834,False,False,True,False
125,45.5,294.0,368.0,365.24219,1765.8996144402004,21.46015115307116,0.046597994248371834,False,False,True,False
126,45.5,295.0,360.0,365.24219,5000.0,21.46015115307116,0.046597994248371834,False,False,True,False
127,45.5,295.0,361.0,365.24219,5000.0,21.46015115307116,0.046597994248371834,False,False,True,False
128,45.5,295.0,362.0,365.24219,5000.0,21.46015115307116,0.046597994248371834,False,False,True,False
129,45.5,295.0,363.0,365.24219,2688.3844876552307,21.46015115307116,0.046597994248371834,False,False,True,False
130,45.5,295.0,364.0,365.24219,52.71342132657315,21.46015115307116,0.046597994248371834,True,False,True,False
131,45.5,295.0,365.0,365.24219,2688.3844876552307,21.46015115307116,0.046597994248371834,False,False,True,False
132,45.5,295.0,366.0,365.24219,5000.0,21.46015115307116,0.046597994248371834,False,False,True,False
133,45.5,295.0,367.0,365.24219,5000.0,21.46015115307116,0.046597994248371834,False,False,True,False
134,45.5,295.0,368.0,365.24219,5000.0,21.46015115307116,0.046597994248371834,False,False,True,False
135,45.5,296.0,360.0,365.24219,5000.0,21.46015115307116,0.046597994248371834,False,False,True,False
136,45.5,296.0,361.0,365.24219,5000.0,21.46015115307116,0.046597994248371834,False,False,True,False
137,45.5,296.0,362.0,365.24219,5000.0,21.46015115307116,0.046597994248371834,False,False,True,False
138,45.5,296.0,363.0,365.24219,4928.704894034589,21.46015115307116,0.046597994248371834,False,False,True,False
139,45.5,296.0,364.0,365.24219,96.64127243205077,21.46015115307116,0.046597994248371834,False,False,True,False
140,45.5,296.0,365.0,365.24219,4928.704894034589,21.46015115307116,0.046597994248371834,False,False,True,False
141,45.5,296.0,366.0,365.24219,5000.0,21.46015115307116,0.046597994248371834,False,False,True,False
142,45.5,296.0,367.0,365.24219,5000.0,21.46015115307116,0.046597994248371834,False,False,True,False
143,45.5,296.0,368.0,365.24219,5000.0,21.46015115307116,0.046597994248371834,False,False,True,False
144,45.5,297.0,360.0,365.24219,5000.0,21.46015115307116,0.046597994248371834,False,False,True,False
145,45.5,297.0,361.0,365.24219,5000.0,21.46015115307116,0.046597994248371834,False,False,True,False
146,45.5,297.0,362.0,365.24219,5000.0,21.46015115307116,0.046597994248371834,False,False,True,False
147,45.5,297.0,363.0,365.24219,5000.0,21.46015115307116,0.046597994248371834,False,False,True,False
148,45.5,297.0,364.0,365.24219,140.56912353752838,21.46015115307116,0.046597994248371834,False,False,True,False
149,45.5,297.0,365.0,365.24219,5000.0,21.46015115307116,0.046597994248371834,False,False,True,False
150,45.5,297.0,366.0,365.24219,5000.0,21.46015115307116,0.046597994248371834,False,False,True,False
151,45.5,297.0,367.0,365.24219,5000.0,21.46015115307116,0.046597994248371834,False,False,True,False
152,45.5,297.0,368.0,365.24219,5000.0,21.46015115307116,0.046597994248371834,False,False,True,False
153,45.5,298.0,360.0,365.24219,5000.0,21.46015115307116,0.046597994248371834,False,False,True,False
154,45.5,298.0,361.0,365.24219,5000.0,21.46015115307116,0.046597994248371834,False,False,True,False
155,45.5,298.0,362.0,365.24219,5000.0,21.46015115307116,0.046597994248371834,False,False,True,False
156,45.5,298.0,363.0,365.24219,5000.0,21.46015115307116,0.046597994248371834,False,False,True,False
157,45.5,298.0,364.0,365.24219,184.496974643006,21.46015115307116,0.046597994248371834,False,False,True,False
158,45.5,298.0,365.0,365.24219,5000.0,21.46015115307116,0.046597994248371834,False,False,True,False
159,45.5,298.0,366.0,365.24219,5000.0,21.46015115307116,0.046597994248371834,False,False,True,False
160,45.5,298.0,367.0,365.24219,5000.0,21.46015115307116,0.046597994248371834,False,False,True,False
161,45.5,298.0,368.0,365.24219,5000.0,21.46015115307116,0.046597994248371834,False,False,True,False
162,91.0,290.0,360.0,365.24219,5000.0,21.46015115307116,0.046597994248371834,False,False,True,False
163,91.0,290.0,361.0,365.24219,5000.0,21.46015115307116,0.046597994248371834,False,False,True,False
164,91.0,290.0,362.0,365.24219,5000.0,21.46015115307116,0.046597994248371834,False,False,True,False
165,91.0,290.0,363.0,365.24219,5000.0,21.46015115307116,0.046597994248371834,False,False,True,False
166,91.0,290.0,364.0,365.24219,177.11060214300005,21.46015115307116,0.046597994248371834,False,False,True,False
167,91.0,290.0,365.0,365.24219,5000.0,21.46015115307116,0.046597994248371834,False,False,True,False
168,91.0,290.0,366.0,365.24219,5000.0,21.46015115307116,0.046597994248371834,False,False,True,False
169,91.0,290.0,367.0,365.24219,5000.0,21.46015115307116,0.046597994248371834,False,False,True,False
170,91.0,290.0,368.0,365.24219,5000.0,21.46015115307116,0.046597994248371834,False,False,True,False
171,91.0,291.0,360.0,365.24219,5000.0,21.46015115307116,0.046597994248371834,False,False,True,False
172,91.0,291.0,361.0,365.24219,5000.0,21.46015115307116,0.046597994248371834,False,False,True,False
173,91.0,291.0,362.0,365.24219,5000.0,21.46015115307116,0.046597994248371834,False,False,True,False
174,91.0,291.0,363.0,365.24219,5000.0,21.46015115307116,0.046597994248371834,False,False,True,False
175,91.0,291.0,364.0,365.24219,134.94141115657146,21.46015115307116,0.046597994248371834,False,False,True,False
176,91.0,291.0,365.0,365.24219,5000.0,21.46015115307116,0.046597994248371834,False,False,True,False
177,91.0,291.0,366.0,365.24219,5000.0,21.46015115307116,0.046597994248371834,False,False,True,False
178,91.0,291.0,367.0,365.24219,5000.0,21.46015115307116,0.046597994248371834,False,False,True,False
179,91.0,291.0,368.0,365.24219,5000.0,21.46015115307116,0.046597994248371834,False,False,True,False
180,91.0,292.0,360.0,365.24219,5000.0,21.46015115307116,0.046597994248371834,False,False,True,False
181,91.0,292.0,361.0,365.24219,5000.0,21.46015115307116,0.046597994248371834,False,False,True,False
182,91.0,292.0,362.0,365.24219,5000.0,21.46015115307116,0.046597994248371834,False,False,True,False
183,91.0,292.0,363.0,365.24219,4731.383228677288,21.46015115307116,0.046597994248371834,False,False,True,False
184,91.0,292.0,364.0,365.24219,92.77222017014287,21.46015115307116,0.046597994248371834,False,False,True,False
185,91.0,292.0,365.0,365.24219,4731.383228677288,21.46015115307116,0.046597994248371834,False,False,True,False
186,91.0,292.0,366.0,365.24219,5000.0,21.46015115307116,0.046597994248371834,False,False,True,False
187,91.0,292.0,367.0,365.24219,5000.0,21.46015115307116,0.046597994248371834,False,False,True,False
188,91.0,292.0,368.0,365.24219,5000.0,21.46015115307116,0.046597994248371834,False,False,True,False
189,91.0,293.0,360.0,365.24219,5000.0,21.46015115307116,0.046597994248371834,False,False,True,False
190,91.0,293.0,361.0,365.24219,5000.0,21.46015115307116,0.046597994248371834,False,False,True,False
191,91.0,293.0,362.0,365.24219,5000.0,21.46015115307116,0.046597994248371834,False,False,True,False
192,91.0,293.0,363.0,365.24219,2580.7544883694295,21.46015115307116,0.046597994248371834,False,False,True,False
193,91.0,293.0,364.0,365.24219,50.6030291837143,21.46015115307116,0.046597994248371834,True,False,True,False
194,91.0,293.0,365.0,365.24219,2580.7544883694295,21.46015115307116,0.046597994248371834,False,False,True,False
195,91.0,293.0,366.0,365.24219,5000.0,21.46015115307116,0.046597994248371834,False,False,True,False
196,91.0,293.0,367.0,365.24219,5000.0,21.46015115307116,0.046597994248371834,False,False,True,False
197,91.0,293.0,368.0,365.24219,5000.0,21.46015115307116,0.046597994248371834,False,False,True,False
198,91.0,294.0,360.0,365.24219,1695.201477654429,21.46015115307116,0.046597994248371834,False,False,True,False
199,91.0,294.0,361.0,365.24219,1273.5095677901431,21.46015115307116,0.046597994248371834,False,False,True,False
200,91.0,294.0,362.0,365.24219,851.8176579258572,21.46015115307116,0.046597994248371834,False,False,True,False
201,91.0,294.0,363.0,365.24219,430.1257480615715,21.46015115307116,0.046597994248371834,False,False,True,False
202,91.0,294.0,364.0,365.24219,8.433838197285716,21.46015115307116,0.046597994248371834,True,True,True,True
203,91.0,294.0,365.0,365.24219,430.1257480615715,21.46015115307116,0.046597994248371834,False,False,True,False
204,91.0,294.0,366.0,365.24219,851.8176579258572,21.46015115307116,0.046597994248371834,False,False,True,False
205,91.0,294.0,367.0,365.24219,1273.5095677901431,21.46015115307116,0.046597994248371834,False,False,True,False
206,91.0,294.0,368.0,365.24219,1695.201477654429,21.46015115307116,0.046597994248371834,False,False,True,False
207,91.0,295.0,360.0,365.24219,5000.0,21.46015115307116,0.046597994248371834,False,False,True,False
208,91.0,295.0,361.0,365.24219,5000.0,21.46015115307116,0.046597994248371834,False,False,True,False
209,91.0,295.0,362.0,365.24219,5000.0,21.46015115307116,0.046597994248371834,False,False,True,False
210,91.0,295.0,363.0,365.24219,2580.7544883694295,21.46015115307116,0.046597994248371834,False,False,True,False
211,91.0,295.0,364.0,365.24219,50.6030291837143,21.46015115307116,0.046597994248371834,True,False,True,False
212,91.0,295.0,365.0,365.24219,2580.7544883694295,21.46015115307116,0.046597994248371834,False,False,True,False
213,91.0,295.0,366.0,365.24219,5000.0,21.46015115307116,0.046597994248371834,False,False,True,False
214,91.0,295.0,367.0,365.24219,5000.0,21.46015115307116,0.046597994248371834,False,False,True,False
215,91.0,295.0,368.0,365.24219,5000.0,21.46015115307116,0.046597994248371834,False,False,True,False
216,91.0,296.0,360.0,365.24219,5000.0,21.46015115307116,0.046597994248371834,False,False,True,False
217,91.0,296.0,361.0,365.24219,5000.0,21.46015115307116,0.046597994248371834,False,False,True,False
218,91.0,296.0,362.0,365.24219,5000.0,21.46015115307116,0.046597994248371834,False,False,True,False
219,91.0,296.0,363.0,365.24219,4731.383228677288,21.46015115307116,0.046597994248371834,False,False,True,False
220,91.0,296.0,364.0,365.24219,92.77222017014287,21.46015115307116,0.046597994248371834,False,False,True,False
221,91.0,296.0,365.0,365.24219,4731.383228677288,21.46015115307116,0.046597994248371834,False,False,True,False
222,91.0,296.0,366.0,365.24219,5000.0,21.46015115307116,0.046597994248371834,False,False,True,False
223,91.0,296.0,367.0,365.24219,5000.0,21.46015115307116,0.046597994248371834,False,False,True,False
224,91.0,296.0,368.0,365.24219,5000.0,21.46015115307116,0.046597994248371834,False,False,True,False
225,91.0,297.0,360.0,365.24219,5000.0,21.46015115307116,0.046597994248371834,False,False,True,False
226,91.0,297.0,361.0,365.24219,5000.0,21.46015115307116,0.046597994248371834,False,False,True,False
227,91.0,297.0,362.0,365.24219,5000.0,21.46015115307116,0.046597994248371834,False,False,True,False
228,91.0,297.0,363.0,365.24219,5000.0,21.46015115307116,0.046597994248371834,False,False,True,False
229,91.0,297.0,364.0,365.24219,134.94141115657146,21.46015115307116,0.046597994248371834,False,False,True,False
230,91.0,297.0,365.0,365.24219,5000.0,21.46015115307116,0.046597994248371834,False,False,True,False
231,91.0,297.0,366.0,365.24219,5000.0,21.46015115307116,0.046597994248371834,False,False,True,False
232,91.0,297.0,367.0,365.24219,5000.0,21.46015115307116,0.046597994248371834,False,False,True,False
233,91.0,297.0,368.0,365.24219,5000.0,21.46015115307116,0.046597994248371834,False,False,True,False
234,91.0,298.0,360.0,365.24219,5000.0,21.46015115307116,0.046597994248371834,False,False,True,False
235,91.0,298.0,361.0,365.24219,5000.0,21.46015115307116,0.046597994248371834,False,False,True,False
236,91.0,298.0,362.0,365.24219,5000.0,21.46015115307116,0.046597994248371834,False,False,True,False
237,91.0,298.0,363.0,365.24219,5000.0,21.46015115307116,0.046597994248371834,False,False,True,False
238,91.0,298.0,364.0,365.24219,177.11060214300005,21.46015115307116,0.046597994248371834,False,False,True,False
239,91.0,298.0,365.0,365.24219,5000.0,21.46015115307116,0.046597994248371834,False,False,True,False
240,91.0,298.0,366.0,365.24219,5000.0,21.46015115307116,0.046597994248371834,False,False,True,False
241,91.0,298.0,367.0,365.24219,5000.0,21.46015115307116,0.046597994248371834,False,False,True,False
242,91.0,298.0,368.0,365.24219,5000.0,21.46015115307116,0.046597994248371834,False,False,True,False
243,136.5,290.0,360.0,365.24219,5000.0,21.46015115307116,0.046597994248371834,False,False,True,False
244,136.5,290.0,361.0,365.24219,5000.0,21.46015115307116,0.046597994248371834,False,False,True,False
245,136.5,290.0,362.0,365.24219,5000.0,21.46015115307116,0.046597994248371834,False,False,True,False
246,136.5,290.0,363.0,365.24219,5000.0,21.46015115307116,0.046597994248371834,False,False,True,False
247,136.5,290.0,364.0,365.24219,169.7242296429941,21.46015115307116,0.046597994248371834,False,False,True,False
248,136.5,290.0,365.0,365.24219,5000.0,21.46015115307116,0.046597994248371834,False,False,True,False
249,136.5,290.0,366.0,365.24219,5000.0,21.46015115307116,0.046597994248371834,False,False,True,False
250,136.5,290.0,367.0,365.24219,5000.0,21.46015115307116,0.046597994248371834,False,False,True,False
251,136.5,290.0,368.0,365.24219,5000.0,21.46015115307116,0.046597994248371834,False,False,True,False
252,136.5,291.0,360.0,365.24219,5000.0,21.46015115307116,0.046597994248371834,False,False,True,False
253,136.5,291.0,361.0,365.24219,5000.0,21.46015115307116,0.046597994248371834,False,False,True,False
254,136.5,291.0,362.0,365.24219,5000.0,21.46015115307116,0.046597994248371834,False,False,True,False
255,136.5,291.0,363.0,365.24219,5000.0,21.46015115307116,0.046597994248371834,False,False,True,False
256,136.5,291.0,364.0,365.24219,129.31369877561454,21.46015115307116,0.046597994248371834,False,False,True,False
257,136.5,291.0,365.0,365.24219,5000.0,21.46015115307116,0.046597994248371834,False,False,True,False
258,136.5,291.0,366.0,365.24219,5000.0,21.46015115307116,0.046597994248371834,False,False,True,False
259,136.5,291.0,367.0,365.24219,5000.0,21.46015115307116,0.046597994248371834,False,False,True,False
260,136.5,291.0,368.0,365.24219,5000.0,21.46015115307116,0.046597994248371834,False,False,True,False
261,136.5,292.0,360.0,365.24219,5000.0,21.46015115307116,0.046597994248371834,False,False,True,False
262,136.5,292.0,361.0,365.24219,5000.0,21.46015115307116,0.046597994248371834,False,False,True,False
263,136.5,292.0,362.0,365.24219,5000.0,21.46015115307116,0.046597994248371834,False,False,True,False
264,136.5,292.0,363.0,365.24219,4534.061563319986,21.46015115307116,0.046597994248371834,False,False,True,False
265,136.5,292.0,364.0,365.24219,88.903167908235,21.46015115307116,0.046597994248371834,True,False,True,False
266,136.5,292.0,365.0,365.24219,4534.061563319986,21.46015115307116,0.046597994248371834,False,False,True,False
267,136.5,292.0,366.0,365.24219,5000.0,21.46015115307116,0.046597994248371834,False,False,True,False
268,136.5,292.0,367.0,365.24219,5000.0,21.46015115307116,0.046597994248371834,False,False,True,False
269,136.5,292.0,368.0,365.24219,5000.0,21.46015115307116,0.046597994248371834,False,False,True,False
270,136.5,293.0,360.0,365.24219,5000.0,21.46015115307116,0.046597994248371834,False,False,True,False
271,136.5,293.0,361.0,365.24219,5000.0,21.46015115307116,0.046597994248371834,False,False,True,False
272,136.5,293.0,362.0,365.24219,4897.756341126401,21.46015115307116,0.046597994248371834,False,False,True,False
273,136.5,293.0,363.0,365.24219,2473.1244890836283,21.46015115307116,0.046597994248371834,False,False,True,False
274,136.5,293.0,364.0,365.24219,48.492637040855456,21.46015115307116,0.046597994248371834,True,False,True,False
275,136.5,293.0,365.0,365.24219,2473.1244890836283,21.46015115307116,0.046597994248371834,False,False,True,False
276,136.5,293.0,366.0,365.24219,4897.756341126401,21.46015115307116,0.046597994248371834,False,False,True,False
277,136.5,293.0,367.0,365.24219,5000.0,21.46015115307116,0.046597994248371834,False,False,True,False
278,136.5,293.0,368.0,365.24219,5000.0,21.46015115307116,0.046597994248371834,False,False,True,False
279,136.5,294.0,360.0,365.24219,1624.503340868658,21.46015115307116,0.046597994248371834,False,False,True,False
280,136.5,294.0,361.0,365.24219,1220.3980321948625,21.46015115307116,0.046597994248371834,False,False,True,False
281,136.5,294.0,362.0,365.24219,816.2927235210668,21.46015115307116,0.046597994248371834,False,False,True,False
282,136.5,294.0,363.0,365.24219,412.1874148472714,21.46015115307116,0.046597994248371834,False,False,True,False
283,136.5,294.0,364.0,365.24219,8.082106173475909,21.46015115307116,0.046597994248371834,True,True,True,True
284,136.5,294.0,365.0,365.24219,412.1874148472714,21.46015115307116,0.046597994248371834,False,False,True,False
285,136.5,294.0,366.0,365.24219,816.2927235210668,21.46015115307116,0.046597994248371834,False,False,True,False
286,136.5,294.0,367.0,365.24219,1220.3980321948625,21.46015115307116,0.046597994248371834,False,False,True,False
287,136.5,294.0,368.0,365.24219,1624.503340868658,21.46015115307116,0.046597994248371834,False,False,True,False
288,136.5,295.0,360.0,365.24219,5000.0,21.46015115307116,0.046597994248371834,False,False,True,False
289,136.5,295.0,361.0,365.24219,5000.0,21.46015115307116,0.046597994248371834,False,False,True,False
290,136.5,295.0,362.0,365.24219,4897.756341126401,21.46015115307116,0.046597994248371834,False,False,True,False
291,136.5,295.0,363.0,365.24219,2473.1244890836283,21.46015115307116,0.046597994248371834,False,False,True,False
292,136.5,295.0,364.0,365.24219,48.492637040855456,21.46015115307116,0.046597994248371834,True,False,True,False
293,136.5,295.0,365.0,365.24219,2473.1244890836283,21.46015115307116,0.046597994248371834,False,False,True,False
294,136.5,295.0,366.0,365.24219,4897.756341126401,21.46015115307116,0.046597994248371834,False,False,True,False
295,136.5,295.0,367.0,365.24219,5000.0,21.46015115307116,0.046597994248371834,False,False,True,False
296,136.5,295.0,368.0,365.24219,5000.0,21.46015115307116,0.046597994248371834,False,False,True,False
297,136.5,296.0,360.0,365.24219,5000.0,21.46015115307116,0.046597994248371834,False,False,True,False
298,136.5,296.0,361.0,365.24219,5000.0,21.46015115307116,0.046597994248371834,False,False,True,False
299,136.5,296.0,362.0,365.24219,5000.0,21.46015115307116,0.046597994248371834,False,False,True,False
300,136.5,296.0,363.0,365.24219,4534.061563319986,21.46015115307116,0.046597994248371834,False,False,True,False
301,136.5,296.0,364.0,365.24219,88.903167908235,21.46015115307116,0.046597994248371834,True,False,True,False
302,136.5,296.0,365.0,365.24219,4534.061563319986,21.46015115307116,0.046597994248371834,False,False,True,False
303,136.5,296.0,366.0,365.24219,5000.0,21.46015115307116,0.046597994248371834,False,False,True,False
304,136.5,296.0,367.0,365.24219,5000.0,21.46015115307116,0.046597994248371834,False,False,True,False
305,136.5,296.0,368.0,365.24219,5000.0,21.46015115307116,0.046597994248371834,False,False,True,False
306,136.5,297.0,360.0,365.24219,5000.0,21.46015115307116,0.046597994248371834,False,False,True,False
307,136.5,297.0,361.0,365.24219,5000.0,21.46015115307116,0.046597994248371834,False,False,True,False
308,136.5,297.0,362.0,365.24219,5000.0,21.46015115307116,0.046597994248371834,False,False,True,False
309,136.5,297.0,363.0,365.24219,5000.0,21.46015115307116,0.046597994248371834,False,False,True,False
310,136.5,297.0,364.0,365.24219,129.31369877561454,21.46015115307116,0.046597994248371834,False,False,True,False
311,136.5,297.0,365.0,365.24219,5000.0,21.46015115307116,0.046597994248371834,False,False,True,False
312,136.5,297.0,366.0,365.24219,5000.0,21.46015115307116,0.046597994248371834,False,False,True,False
313,136.5,297.0,367.0,365.24219,5000.0,21.46015115307116,0.046597994248371834,False,False,True,False
314,136.5,297.0,368.0,365.24219,5000.0,21.46015115307116,0.046597994248371834,False,False,True,False
315,136.5,298.0,360.0,365.24219,5000.0,21.46015115307116,0.046597994248371834,False,False,True,False
316,136.5,298.0,361.0,365.24219,5000.0,21.46015115307116,0.046597994248371834,False,False,True,False
317,136.5,298.0,362.0,365.24219,5000.0,21.46015115307116,0.046597994248371834,False,False,True,False
318,136.5,298.0,363.0,365.24219,5000.0,21.46015115307116,0.046597994248371834,False,False,True,False
319,136.5,298.0,364.0,365.24219,169.7242296429941,21.46015115307116,0.046597994248371834,False,False,True,False
320,136.5,298.0,365.0,365.24219,5000.0,21.46015115307116,0.046597994248371834,False,False,True,False
321,136.5,298.0,366.0,365.24219,5000.0,21.46015115307116,0.046597994248371834,False,False,True,False
322,136.5,298.0,367.0,365.24219,5000.0,21.46015115307116,0.046597994248371834,False,False,True,False
323,136.5,298.0,368.0,365.24219,5000.0,21.46015115307116,0.046597994248371834,False,False,True,False
324,182.0,290.0,360.0,365.24219,5000.0,21.46015115307116,0.046597994248371834,False,False,True,False
325,182.0,290.0,361.0,365.24219,5000.0,21.46015115307116,0.046597994248371834,False,False,True,False
326,182.0,290.0,362.0,365.24219,5000.0,21.46015115307116,0.046597994248371834,False,False,True,False
327,182.0,290.0,363.0,365.24219,5000.0,21.46015115307116,0.046597994248371834,False,False,True,False
328,182.0,290.0,364.0,365.24219,162.33785714298813,21.46015115307116,0.046597994248371834,False,False,True,False
329,182.0,290.0,365.0,365.24219,5000.0,21.46015115307116,0.046597994248371834,False,False,True,False
330,182.0,290.0,366.0,365.24219,5000.0,21.46015115307116,0.046597994248371834,False,False,True,False
331,182.0,290.0,367.0,365.24219,5000.0,21.46015115307116,0.046597994248371834,False,False,True,False
332,182.0,290.0,368.0,365.24219,5000.0,21.46015115307116,0.046597994248371834,False,False,True,False
333,182.0,291.0,360.0,365.24219,5000.0,21.46015115307116,0.046597994248371834,False,False,True,False
334,182.0,291.0,361.0,365.24219,5000.0,21.46015115307116,0.046597994248371834,False,False,True,False
335,182.0,291.0,362.0,365.24219,5000.0,21.46015115307116,0.046597994248371834,False,False,True,False
336,182.0,291.0,363.0,365.24219,5000.0,21.46015115307116,0.046597994248371834,False,False,True,False
337,182.0,291.0,364.0,365.24219,123.68598639465762,21.46015115307116,0.046597994248371834,False,False,True,False
338,182.0,291.0,365.0,365.24219,5000.0,21.46015115307116,0.046597994248371834,False,False,True,False
339,182.0,291.0,366.0,365.24219,5000.0,21.46015115307116,0.046597994248371834,False,False,True,False
340,182.0,291.0,367.0,365.24219,5000.0,21.46015115307116,0.046597994248371834,False,False,True,False
341,182.0,291.0,368.0,365.24219,5000.0,21.46015115307116,0.046597994248371834,False,False,True,False
342,182.0,292.0,360.0,365.24219,5000.0,21.46015115307116,0.046597994248371834,False,False,True,False
343,182.0,292.0,361.0,365.24219,5000.0,21.46015115307116,0.046597994248371834,False,False,True,False
344,182.0,292.0,362.0,365.24219,5000.0,21.46015115307116,0.046597994248371834,False,False,True,False
345,182.0,292.0,363.0,365.24219,4336.739897962683,21.46015115307116,0.046597994248371834,False,False,True,False
346,182.0,292.0,364.0,365.24219,85.03411564632711,21.46015115307116,0.046597994248371834,True,False,True,False
347,182.0,292.0,365.0,365.24219,4336.739897962683,21.46015115307116,0.046597994248371834,False,False,True,False
348,182.0,292.0,366.0,365.24219,5000.0,21.46015115307116,0.046597994248371834,False,False,True,False
349,182.0,292.0,367.0,365.24219,5000.0,21.46015115307116,0.046597994248371834,False,False,True,False
350,182.0,292.0,368.0,365.24219,5000.0,21.46015115307116,0.046597994248371834,False,False,True,False
351,182.0,293.0,360.0,365.24219,5000.0,21.46015115307116,0.046597994248371834,False,False,True,False
352,182.0,293.0,361.0,365.24219,5000.0,21.46015115307116,0.046597994248371834,False,False,True,False
353,182.0,293.0,362.0,365.24219,4684.606734697657,21.46015115307116,0.046597994248371834,False,False,True,False
354,182.0,293.0,363.0,365.24219,2365.494489797827,21.46015115307116,0.046597994248371834,False,False,True,False
355,182.0,293.0,364.0,365.24219,46.38224489799661,21.46015115307116,0.046597994248371834,True,False,True,False
356,182.0,293.0,365.0,365.24219,2365.494489797827,21.46015115307116,0.046597994248371834,False,False,True,False
357,182.0,293.0,366.0,365.24219,4684.606734697657,21.46015115307116,0.046597994248371834,False,False,True,False
358,182.0,293.0,367.0,365.24219,5000.0,21.46015115307116,0.046597994248371834,False,False,True,False
359,182.0,293.0,368.0,365.24219,5000.0,21.46015115307116,0.046597994248371834,False,False,True,False
360,182.0,294.0,360.0,365.24219,1553.8052040828863,21.46015115307116,0.046597994248371834,False,False,True,False
361,182.0,294.0,361.0,365.24219,1167.2864965995814,21.46015115307116,0.046597994248371834,False,False,True,False
362,182.0,294.0,362.0,365.24219,780.7677891162762,21.46015115307116,0.046597994248371834,False,False,True,False
363,182.0,294.0,363.0,365.24219,394.2490816329712,21.46015115307116,0.046597994248371834,False,False,True,False
364,182.0,294.0,364.0,365.24219,7.730374149666101,21.46015115307116,0.046597994248371834,True,True,True,True
365,182.0,294.0,365.0,365.24219,394.2490816329712,21.46015115307116,0.046597994248371834,False,False,True,False
366,182.0,294.0,366.0,365.24219,780.7677891162762,21.46015115307116,0.046597994248371834,False,False,True,False
367,182.0,294.0,367.0,365.24219,1167.2864965995814,21.46015115307116,0.046597994248371834,False,False,True,False
368,182.0,294.0,368.0,365.24219,1553.8052040828863,21.46015115307116,0.046597994248371834,False,False,True,False
369,182.0,295.0,360.0,365.24219,5000.0,21.46015115307116,0.046597994248371834,False,False,True,False
370,182.0,295.0,361.0,365.24219,5000.0,21.46015115307116,0.046597994248371834,False,False,True,False
371,182.0,295.0,362.0,365.24219,4684.606734697657,21.46015115307116,0.046597994248371834,False,False,True,False
372,182.0,295.0,363.0,365.24219,2365.494489797827,21.46015115307116,0.046597994248371834,False,False,True,False
373,182.0,295.0,364.0,365.24219,46.38224489799661,21.46015115307116,0.046597994248371834,True,False,True,False
374,182.0,295.0,365.0,365.24219,2365.494489797827,21.46015115307116,0.046597994248371834,False,False,True,False
375,182.0,295.0,366.0,365.24219,4684.606734697657,21.46015115307116,0.046597994248371834,False,False,True,False
376,182.0,295.0,367.0,365.24219,5000.0,21.46015115307116,0.046597994248371834,False,False,True,False
377,182.0,295.0,368.0,365.24219,5000.0,21.46015115307116,0.046597994248371834,False,False,True,False
378,182.0,296.0,360.0,365.24219,5000.0,21.46015115307116,0.046597994248371834,False,False,True,False
379,182.0,296.0,361.0,365.24219,5000.0,21.46015115307116,0.046597994248371834,False,False,True,False
380,182.0,296.0,362.0,365.24219,5000.0,21.46015115307116,0.046597994248371834,False,False,True,False
381,182.0,296.0,363.0,365.24219,4336.739897962683,21.46015115307116,0.046597994248371834,False,False,True,False
382,182.0,296.0,364.0,365.24219,85.03411564632711,21.46015115307116,0.046597994248371834,True,False,True,False
383,182.0,296.0,365.0,365.24219,4336.739897962683,21.46015115307116,0.046597994248371834,False,False,True,False
384,182.0,296.0,366.0,365.24219,5000.0,21.46015115307116,0.046597994248371834,False,False,True,False
385,182.0,296.0,367.0,365.24219,5000.0,21.46015115307116,0.046597994248371834,False,False,True,False
386,182.0,296.0,368.0,365.24219,5000.0,21.46015115307116,0.046597994248371834,False,False,True,False
387,182.0,297.0,360.0,365.24219,5000.0,21.46015115307116,0.046597994248371834,False,False,True,False
388,182.0,297.0,361.0,365.24219,5000.0,21.46015115307116,0.046597994248371834,False,False,True,False
389,182.0,297.0,362.0,365.24219,5000.0,21.46015115307116,0.046597994248371834,False,False,True,False
390,182.0,297.0,363.0,365.24219,5000.0,21.46015115307116,0.046597994248371834,False,False,True,False
391,182.0,297.0,364.0,365.24219,123.68598639465762,21.46015115307116,0.046597994248371834,False,False,True,False
392,182.0,297.0,365.0,365.24219,5000.0,21.46015115307116,0.046597994248371834,False,False,True,False
393,182.0,297.0,366.0,365.24219,5000.0,21.46015115307116,0.046597994248371834,False,False,True,False
394,182.0,297.0,367.0,365.24219,5000.0,21.46015115307116,0.046597994248371834,False,False,True,False
395,182.0,297.0,368.0,365.24219,5000.0,21.46015115307116,0.046597994248371834,False,False,True,False
396,182.0,298.0,360.0,365.24219,5000.0,21.46015115307116,0.046597994248371834,False,False,True,False
397,182.0,298.0,361.0,365.24219,5000.0,21.46015115307116,0.046597994248371834,False,False,True,False
398,182.0,298.0,362.0,365.24219,5000.0,21.46015115307116,0.046597994248371834,False,False,True,False
399,182.0,298.0,363.0,365.24219,5000.0,21.46015115307116,0.046597994248371834,False,False,True,False
400,182.0,298.0,364.0,365.24219,162.33785714298813,21.46015115307116,0.046597994248371834,False,False,True,False
401,182.0,298.0,365.0,365.24219,5000.0,21.46015115307116,0.046597994248371834,False,False,True,False
402,182.0,298.0,366.0,365.24219,5000.0,21.46015115307116,0.046597994248371834,False,False,True,False
403,182.0,298.0,367.0,365.24219,5000.0,21.46015115307116,0.046597994248371834,False,False,True,False
404,182.0,298.0,368.0,365.24219,5000.0,21.46015115307116,0.046597994248371834,False,False,True,False
405,227.5,290.0,360.0,365.24219,5000.0,21.46015115307116,0.046597994248371834,False,False,True,False
406,227.5,290.0,361.0,365.24219,5000.0,21.46015115307116,0.046597994248371834,False,False,True,False
407,227.5,290.0,362.0,365.24219,5000.0,21.46015115307116,0.046597994248371834,False,False,True,False
408,227.5,290.0,363.0,365.24219,5000.0,21.46015115307116,0.046597994248371834,False,False,True,False
409,227.5,290.0,364.0,365.24219,169.7242296429941,21.46015115307116,0.046597994248371834,False,False,True,False
410,227.5,290.0,365.0,365.24219,5000.0,21.46015115307116,0.046597994248371834,False,False,True,False
411,227.5,290.0,366.0,365.24219,5000.0,21.46015115307116,0.046597994248371834,False,False,True,False
412,227.5,290.0,367.0,365.24219,5000.0,21.46015115307116,0.046597994248371834,False,False,True,False
413,227.5,290.0,368.0,365.24219,5000.0,21.46015115307116,0.046597994248371834,False,False,True,False
414,227.5,291.0,360.0,365.24219,5000.0,21.46015115307116,0.046597994248371834,False,False,True,False
415,227.5,291.0,361.0,365.24219,5000.0,21.46015115307116,0.046597994248371834,False,False,True,False
416,227.5,291.0,362.0,365.24219,5000.0,21.46015115307116,0.046597994248371834,False,False,True,False
417,227.5,291.0,363.0,365.24219,5000.0,21.46015115307116,0.046597994248371834,False,False,True,False
418,227.5,291.0,364.0,365.24219,129.31369877561454,21.46015115307116,0.046597994248371834,False,False,True,False
419,227.5,291.0,365.0,365.24219,5000.0,21.46015115307116,0.046597994248371834,False,False,True,False
420,227.5,291.0,366.0,365.24219,5000.0,21.46015115307116,0.046597994248371834,False,False,True,False
421,227.5,291.0,367.0,365.24219,5000.0,21.46015115307116,0.046597994248371834,False,False,True,False
422,227.5,291.0,368.0,365.24219,5000.0,21.46015115307116,0.046597994248371834,False,False,True,False
423,227.5,292.0,360.0,365.24219,5000.0,21.46015115307116,0.046597994248371834,False,False,True,False
424,227.5,292.0,361.0,365.24219,5000.0,21.46015115307116,0.046597994248371834,False,False,True,False
425,227.5,292.0,362.0,365.24219,5000.0,21.46015115307116,0.046597994248371834,False,False,True,False
426,227.5,292.0,363.0,365.24219,4534.061563319986,21.46015115307116,0.046597994248371834,False,False,True,False
427,227.5,292.0,364.0,365.24219,88.903167908235,21.46015115307116,0.046597994248371834,True,False,True,False
428,227.5,292.0,365.0,365.24219,4534.061563319986,21.46015115307116,0.046597994248371834,False,False,True,False
429,227.5,292.0,366.0,365.24219,5000.0,21.46015115307116,0.046597994248371834,False,False,True,False
430,227.5,292.0,367.0,365.24219,5000.0,21.46015115307116,0.046597994248371834,False,False,True,False
431,227.5,292.0,368.0,365.24219,5000.0,21.46015115307116,0.046597994248371834,False,False,True,False
432,227.5,293.0,360.0,365.24219,5000.0,21.46015115307116,0.046597994248371834,False,False,True,False
433,227.5,293.0,361.0,365.24219,5000.0,21.46015115307116,0.046597994248371834,False,False,True,False
434,227.5,293.0,362.0,365.24219,4897.756341126401,21.46015115307116,0.046597994248371834,False,False,True,False
435,227.5,293.0,363.0,365.24219,2473.1244890836283,21.46015115307116,0.046597994248371834,False,False,True,False
436,227.5,293.0,364.0,365.24219,48.492637040855456,21.46015115307116,0.046597994248371834,True,False,True,False
437,227.5,293.0,365.0,365.24219,2473.1244890836283,21.46015115307116,0.046597994248371834,False,False,True,False
438,227.5,293.0,366.0,365.24219,4897.756341126401,21.46015115307116,0.046597994248371834,False,False,True,False
439,227.5,293.0,367.0,365.24219,5000.0,21.46015115307116,0.046597994248371834,False,False,True,False
440,227.5,293.0,368.0,365.24219,5000.0,21.46015115307116,0.046597994248371834,False,False,True,False
441,227.5,294.0,360.0,365.24219,1624.503340868658,21.46015115307116,0.046597994248371834,False,False,True,False
442,227.5,294.0,361.0,365.24219,1220.3980321948625,21.46015115307116,0.046597994248371834,False,False,True,False
443,227.5,294.0,362.0,365.24219,816.2927235210668,21.46015115307116,0.046597994248371834,False,False,True,False
444,227.5,294.0,363.0,365.24219,412.1874148472714,21.46015115307116,0.046597994248371834,False,False,True,False
445,227.5,294.0,364.0,365.24219,8.082106173475909,21.46015115307116,0.046597994248371834,True,True,True,True
446,227.5,294.0,365.0,365.24219,412.1874148472714,21.46015115307116,0.046597994248371834,False,False,True,False
447,227.5,294.0,366.0,365.24219,816.2927235210668,21.46015115307116,0.046597994248371834,False,False,True,False
448,227.5,294.0,367.0,365.24219,1220.3980321948625,21.46015115307116,0.046597994248371834,False,False,True,False
449,227.5,294.0,368.0,365.24219,1624.503340868658,21.46015115307116,0.046597994248371834,False,False,True,False
450,227.5,295.0,360.0,365.24219,5000.0,21.46015115307116,0.046597994248371834,False,False,True,False
451,227.5,295.0,361.0,365.24219,5000.0,21.46015115307116,0.046597994248371834,False,False,True,False
452,227.5,295.0,362.0,365.24219,4897.756341126401,21.46015115307116,0.046597994248371834,False,False,True,False
453,227.5,295.0,363.0,365.24219,2473.1244890836283,21.46015115307116,0.046597994248371834,False,False,True,False
454,227.5,295.0,364.0,365.24219,48.492637040855456,21.46015115307116,0.046597994248371834,True,False,True,False
455,227.5,295.0,365.0,365.24219,2473.1244890836283,21.46015115307116,0.046597994248371834,False,False,True,False
456,227.5,295.0,366.0,365.24219,4897.756341126401,21.46015115307116,0.046597994248371834,False,False,True,False
457,227.5,295.0,367.0,365.24219,5000.0,21.46015115307116,0.046597994248371834,False,False,True,False
458,227.5,295.0,368.0,365.24219,5000.0,21.46015115307116,0.046597994248371834,False,False,True,False
459,227.5,296.0,360.0,365.24219,5000.0,21.46015115307116,0.046597994248371834,False,False,True,False
460,227.5,296.0,361.0,365.24219,5000.0,21.46015115307116,0.046597994248371834,False,False,True,False
461,227.5,296.0,362.0,365.24219,5000.0,21.46015115307116,0.046597994248371834,False,False,True,False
462,227.5,296.0,363.0,365.24219,4534.061563319986,21.46015115307116,0.046597994248371834,False,False,True,False
463,227.5,296.0,364.0,365.24219,88.903167908235,21.46015115307116,0.046597994248371834,True,False,True,False
464,227.5,296.0,365.0,365.24219,4534.061563319986,21.46015115307116,0.046597994248371834,False,False,True,False
465,227.5,296.0,366.0,365.24219,5000.0,21.46015115307116,0.046597994248371834,False,False,True,False
466,227.5,296.0,367.0,365.24219,5000.0,21.46015115307116,0.046597994248371834,False,False,True,False
467,227.5,296.0,368.0,365.24219,5000.0,21.46015115307116,0.046597994248371834,False,False,True,False
468,227.5,297.0,360.0,365.24219,5000.0,21.46015115307116,0.046597994248371834,False,False,True,False
469,227.5,297.0,361.0,365.24219,5000.0,21.46015115307116,0.046597994248371834,False,False,True,False
470,227.5,297.0,362.0,365.24219,5000.0,21.46015115307116,0.046597994248371834,False,False,True,False
471,227.5,297.0,363.0,365.24219,5000.0,21.46015115307116,0.046597994248371834,False,False,True,False
472,227.5,297.0,364.0,365.24219,129.31369877561454,21.46015115307116,0.046597994248371834,False,False,True,False
473,227.5,297.0,365.0,365.24219,5000.0,21.46015115307116,0.046597994248371834,False,False,True,False
474,227.5,297.0,366.0,365.24219,5000.0,21.46015115307116,0.046597994248371834,False,False,True,False
475,227.5,297.0,367.0,365.24219,5000.0,21.46015115307116,0.046597994248371834,False,False,True,False
476,227.5,297.0,368.0,365.24219,5000.0,21.46015115307116,0.046597994248371834,False,False,True,False
477,227.5,298.0,360.0,365.24219,5000.0,21.46015115307116,0.046597994248371834,False,False,True,False
478,227.5,298.0,361.0,365.24219,5000.0,21.46015115307116,0.046597994248371834,False,False,True,False
479,227.5,298.0,362.0,365.24219,5000.0,21.46015115307116,0.046597994248371834,False,False,True,False
480,227.5,298.0,363.0,365.24219,5000.0,21.46015115307116,0.046597994248371834,False,False,True,False
481,227.5,298.0,364.0,365.24219,169.7242296429941,21.46015115307116,0.046597994248371834,False,False,True,False
482,227.5,298.0,365.0,365.24219,5000.0,21.46015115307116,0.046597994248371834,False,False,True,False
483,227.5,298.0,366.0,365.24219,5000.0,21.46015115307116,0.046597994248371834,False,False,True,False
484,227.5,298.0,367.0,365.24219,5000.0,21.46015115307116,0.046597994248371834,False,False,True,False
485,227.5,298.0,368.0,365.24219,5000.0,21.46015115307116,0.046597994248371834,False,False,True,False
486,273.0,290.0,360.0,365.24219,5000.0,21.46015115307116,0.046597994248371834,False,False,True,False
487,273.0,290.0,361.0,365.24219,5000.0,21.46015115307116,0.046597994248371834,False,False,True,False
488,273.0,290.0,362.0,365.24219,5000.0,21.46015115307116,0.046597994248371834,False,False,True,False
489,273.0,290.0,363.0,365.24219,5000.0,21.46015115307116,0.046597994248371834,False,False,True,False
490,273.0,290.0,364.0,365.24219,177.11060214300005,21.46015115307116,0.046597994248371834,False,False,True,False
491,273.0,290.0,365.0,365.24219,5000.0,21.46015115307116,0.046597994248371834,False,False,True,False
492,273.0,290.0,366.0,365.24219,5000.0,21.46015115307116,0.046597994248371834,False,False,True,False
493,273.0,290.0,367.0,365.24219,5000.0,21.46015115307116,0.046597994248371834,False,False,True,False
494,273.0,290.0,368.0,365.24219,5000.0,21.46015115307116,0.046597994248371834,False,False,True,False
495,273.0,291.0,360.0,365.24219,5000.0,21.46015115307116,0.046597994248371834,False,False,True,False
496,273.0,291.0,361.0,365.24219,5000.0,21.46015115307116,0.046597994248371834,False,False,True,False
497,273.0,291.0,362.0,365.24219,5000.0,21.46015115307116,0.046597994248371834,False,False,True,False
498,273.0,291.0,363.0,365.24219,5000.0,21.46015115307116,0.046597994248371834,False,False,True,False
499,273.0,291.0,364.0,365.24219,134.94141115657146,21.46015115307116,0.046597994248371834,False,False,True,False
500,273.0,291.0,365.0,365.24219,5000.0,21.46015115307116,0.046597994248371834,False,False,True,False
501,273.0,291.0,366.0,365.24219,5000.0,21.46015115307116,0.046597994248371834,False,False,True,False
502,273.0,291.0,367.0,365.24219,5000.0,21.46015115307116,0.046597994248371834,False,False,True,False
503,273.0,291.0,368.0,365.24219,5000.0,21.46015115307116,0.046597994248371834,False,False,True,False
504,273.0,292.0,360.0,365.24219,5000.0,21.46015115307116,0.046597994248371834,False,False,True,False
505,273.0,292.0,361.0,365.24219,5000.0,21.46015115307116,0.046597994248371834,False,False,True,False
506,273.0,292.0,362.0,365.24219,5000.0,21.46015115307116,0.046597994248371834,False,False,True,False
507,273.0,292.0,363.0,365.24219,4731.383228677288,21.46015115307116,0.046597994248371834,False,False,True,False
508,273.0,292.0,364.0,365.24219,92.77222017014287,21.46015115307116,0.046597994248371834,False,False,True,False
509,273.0,292.0,365.0,365.24219,4731.383228677288,21.46015115307116,0.046597994248371834,False,False,True,False
510,273.0,292.0,366.0,365.24219,5000.0,21.46015115307116,0.046597994248371834,False,False,True,False
511,273.0,292.0,367.0,365.24219,5000.0,21.46015115307116,0.046597994248371834,False,False,True,False
512,273.0,292.0,368.0,365.24219,5000.0,21.46015115307116,0.046597994248371834,False,False,True,False
513,273.0,293.0,360.0,365.24219,5000.0,21.46015115307116,0.046597994248371834,False,False,True,False
514,273.0,293.0,361.0,365.24219,5000.0,21.46015115307116,0.046597994248371834,False,False,True,False
515,273.0,293.0,362.0,365.24219,5000.0,21.46015115307116,0.046597994248371834,False,False,True,False
516,273.0,293.0,363.0,365.24219,2580.7544883694295,21.46015115307116,0.046597994248371834,False,False,True,False
517,273.0,293.0,364.0,365.24219,50.6030291837143,21.46015115307116,0.046597994248371834,True,False,True,False
518,273.0,293.0,365.0,365.24219,2580.7544883694295,21.46015115307116,0.046597994248371834,False,False,True,False
519,273.0,293.0,366.0,365.24219,5000.0,21.46015115307116,0.046597994248371834,False,False,True,False
520,273.0,293.0,367.0,365.24219,5000.0,21.46015115307116,0.046597994248371834,False,False,True,False
521,273.0,293.0,368.0,365.24219,5000.0,21.46015115307116,0.046597994248371834,False,False,True,False
522,273.0,294.0,360.0,365.24219,1695.201477654429,21.46015115307116,0.046597994248371834,False,False,True,False
523,273.0,294.0,361.0,365.24219,1273.5095677901431,21.46015115307116,0.046597994248371834,False,False,True,False
524,273.0,294.0,362.0,365.24219,851.8176579258572,21.46015115307116,0.046597994248371834,False,False,True,False
525,273.0,294.0,363.0,365.24219,430.1257480615715,21.46015115307116,0.046597994248371834,False,False,True,False
526,273.0,294.0,364.0,365.24219,8.433838197285716,21.46015115307116,0.046597994248371834,True,True,True,True
527,273.0,294.0,365.0,365.24219,430.1257480615715,21.46015115307116,0.046597994248371834,False,False,True,False
528,273.0,294.0,366.0,365.24219,851.8176579258572,21.46015115307116,0.046597994248371834,False,False,True,False
529,273.0,294.0,367.0,365.24219,1273.5095677901431,21.46015115307116,0.046597994248371834,False,False,True,False
530,273.0,294.0,368.0,365.24219,1695.201477654429,21.46015115307116,0.046597994248371834,False,False,True,False
531,273.0,295.0,360.0,365.24219,5000.0,21.46015115307116,0.046597994248371834,False,False,True,False
532,273.0,295.0,361.0,365.24219,5000.0,21.46015115307116,0.046597994248371834,False,False,True,False
533,273.0,295.0,362.0,365.24219,5000.0,21.46015115307116,0.046597994248371834,False,False,True,False
534,273.0,295.0,363.0,365.24219,2580.7544883694295,21.46015115307116,0.046597994248371834,False,False,True,False
535,273.0,295.0,364.0,365.24219,50.6030291837143,21.46015115307116,0.046597994248371834,True,False,True,False
536,273.0,295.0,365.0,365.24219,2580.7544883694295,21.46015115307116,0.046597994248371834,False,False,True,False
537,273.0,295.0,366.0,365.24219,5000.0,21.46015115307116,0.046597994248371834,False,False,True,False
538,273.0,295.0,367.0,365.24219,5000.0,21.46015115307116,0.046597994248371834,False,False,True,False
539,273.0,295.0,368.0,365.24219,5000.0,21.46015115307116,0.046597994248371834,False,False,True,False
540,273.0,296.0,360.0,365.24219,5000.0,21.46015115307116,0.046597994248371834,False,False,True,False
541,273.0,296.0,361.0,365.24219,5000.0,21.46015115307116,0.046597994248371834,False,False,True,False
542,273.0,296.0,362.0,365.24219,5000.0,21.46015115307116,0.046597994248371834,False,False,True,False
543,273.0,296.0,363.0,365.24219,4731.383228677288,21.46015115307116,0.046597994248371834,False,False,True,False
544,273.0,296.0,364.0,365.24219,92.77222017014287,21.46015115307116,0.046597994248371834,False,False,True,False
545,273.0,296.0,365.0,365.24219,4731.383228677288,21.46015115307116,0.046597994248371834,False,False,True,False
546,273.0,296.0,366.0,365.24219,5000.0,21.46015115307116,0.046597994248371834,False,False,True,False
547,273.0,296.0,367.0,365.24219,5000.0,21.46015115307116,0.046597994248371834,False,False,True,False
548,273.0,296.0,368.0,365.24219,5000.0,21.46015115307116,0.046597994248371834,False,False,True,False
549,273.0,297.0,360.0,365.24219,5000.0,21.46015115307116,0.046597994248371834,False,False,True,False
550,273.0,297.0,361.0,365.24219,5000.0,21.46015115307116,0.046597994248371834,False,False,True,False
551,273.0,297.0,362.0,365.24219,5000.0,21.46015115307116,0.046597994248371834,False,False,True,False
552,273.0,297.0,363.0,365.24219,5000.0,21.46015115307116,0.046597994248371834,False,False,True,False
553,273.0,297.0,364.0,365.24219,134.94141115657146,21.46015115307116,0.046597994248371834,False,False,True,False
554,273.0,297.0,365.0,365.24219,5000.0,21.46015115307116,0.046597994248371834,False,False,True,False
555,273.0,297.0,366.0,365.24219,5000.0,21.46015115307116,0.046597994248371834,False,False,True,False
556,273.0,297.0,367.0,365.24219,5000.0,21.46015115307116,0.046597994248371834,False,False,True,False
557,273.0,297.0,368.0,365.24219,5000.0,21.46015115307116,0.046597994248371834,False,False,True,False
558,273.0,298.0,360.0,365.24219,5000.0,21.46015115307116,0.046597994248371834,False,False,True,False
559,273.0,298.0,361.0,365.24219,5000.0,21.46015115307116,0.046597994248371834,False,False,True,False
560,273.0,298.0,362.0,365.24219,5000.0,21.46015115307116,0.046597994248371834,False,False,True,False
561,273.0,298.0,363.0,365.24219,5000.0,21.46015115307116,0.046597994248371834,False,False,True,False
562,273.0,298.0,364.0,365.24219,177.11060214300005,21.46015115307116,0.046597994248371834,False,False,True,False
563,273.0,298.0,365.0,365.24219,5000.0,21.46015115307116,0.046597994248371834,False,False,True,False
564,273.0,298.0,366.0,365.24219,5000.0,21.46015115307116,0.046597994248371834,False,False,True,False
565,273.0,298.0,367.0,365.24219,5000.0,21.46015115307116,0.046597994248371834,False,False,True,False
566,273.0,298.0,368.0,365.24219,5000.0,21.46015115307116,0.046597994248371834,False,False,True,False
567,318.5,290.0,360.0,365.24219,5000.0,21.46015115307116,0.046597994248371834,False,False,True,False
568,318.5,290.0,361.0,365.24219,5000.0,21.46015115307116,0.046597994248371834,False,False,True,False
569,318.5,290.0,362.0,365.24219,5000.0,21.46015115307116,0.046597994248371834,False,False,True,False
570,318.5,290.0,363.0,365.24219,5000.0,21.46015115307116,0.046597994248371834,False,False,True,False
571,318.5,290.0,364.0,365.24219,184.496974643006,21.46015115307116,0.046597994248371834,False,False,True,False
572,318.5,290.0,365.0,365.24219,5000.0,21.46015115307116,0.046597994248371834,False,False,True,False
573,318.5,290.0,366.0,365.24219,5000.0,21.46015115307116,0.046597994248371834,False,False,True,False
574,318.5,290.0,367.0,365.24219,5000.0,21.46015115307116,0.046597994248371834,False,False,True,False
575,318.5,290.0,368.0,365.24219,5000.0,21.46015115307116,0.046597994248371834,False,False,True,False
576,318.5,291.0,360.0,365.24219,5000.0,21.46015115307116,0.046597994248371834,False,False,True,False
577,318.5,291.0,361.0,365.24219,5000.0,21.46015115307116,0.046597994248371834,False,False,True,False
578,318.5,291.0,362.0,365.24219,5000.0,21.46015115307116,0.046597994248371834,False,False,True,False
579,318.5,291.0,363.0,365.24219,5000.0,21.46015115307116,0.046597994248371834,False,False,True,False
580,318.5,291.0,364.0,365.24219,140.56912353752838,21.46015115307116,0.046597994248371834,False,False,True,False
581,318.5,291.0,365.0,365.24219,5000.0,21.46015115307116,0.046597994248371834,False,False,True,False
582,318.5,291.0,366.0,365.24219,5000.0,21.46015115307116,0.046597994248371834,False,False,True,False
583,318.5,291.0,367.0,365.24219,5000.0,21.46015115307116,0.046597994248371834,False,False,True,False
584,318.5,291.0,368.0,365.24219,5000.0,21.46015115307116,0.046597994248371834,False,False,True,False
585,318.5,292.0,360.0,365.24219,5000.0,21.46015115307116,0.046597994248371834,False,False,True,False
586,318.5,292.0,361.0,365.24219,5000.0,21.46015115307116,0.046597994248371834,False,False,True,False
587,318.5,292.0,362.0,365.24219,5000.0,21.46015115307116,0.046597994248371834,False,False,True,False
588,318.5,292.0,363.0,365.24219,4928.704894034589,21.46015115307116,0.046597994248371834,False,False,True,False
589,318.5,292.0,364.0,365.24219,96.64127243205077,21.46015115307116,0.046597994248371834,False,False,True,False
590,318.5,292.0,365.0,365.24219,4928.704894034589,21.46015115307116,0.046597994248371834,False,False,True,False
591,318.5,292.0,366.0,365.24219,5000.0,21.46015115307116,0.046597994248371834,False,False,True,False
592,318.5,292.0,367.0,365.24219,5000.0,21.46015115307116,0.046597994248371834,False,False,True,False
593,318.5,292.0,368.0,365.24219,5000.0,21.46015115307116,0.046597994248371834,False,False,True,False
594,318.5,293.0,360.0,365.24219,5000.0,21.46015115307116,0.046597994248371834,False,False,True,False
595,318.5,293.0,361.0,365.24219,5000.0,21.46015115307116,0.046597994248371834,False,False,True,False
596,318.5,293.0,362.0,365.24219,5000.0,21.46015115307116,0.046597994248371834,False,False,True,False
597,318.5,293.0,363.0,365.24219,2688.3844876552307,21.46015115307116,0.046597994248371834,False,False,True,False
598,318.5,293.0,364.0,365.24219,52.71342132657315,21.46015115307116,0.046597994248371834,True,False,True,False
599,318.5,293.0,365.0,365.24219,2688.3844876552307,21.46015115307116,0.046597994248371834,False,False,True,False
600,318.5,293.0,366.0,365.24219,5000.0,21.46015115307116,0.046597994248371834,False,False,True,False
601,318.5,293.0,367.0,365.24219,5000.0,21.46015115307116,0.046597994248371834,False,False,True,False
602,318.5,293.0,368.0,365.24219,5000.0,21.46015115307116,0.046597994248371834,False,False,True,False
603,318.5,294.0,360.0,365.24219,1765.8996144402004,21.46015115307116,0.046597994248371834,False,False,True,False
604,318.5,294.0,361.0,365.24219,1326.6211033854242,21.46015115307116,0.046597994248371834,False,False,True,False
605,318.5,294.0,362.0,365.24219,887.3425923306479,21.46015115307116,0.046597994248371834,False,False,True,False
606,318.5,294.0,363.0,365.24219,448.0640812758718,21.46015115307116,0.046597994248371834,False,False,True,False
607,318.5,294.0,364.0,365.24219,8.785570221095524,21.46015115307116,0.046597994248371834,True,True,True,True
608,318.5,294.0,365.0,365.24219,448.0640812758718,21.46015115307116,0.046597994248371834,False,False,True,False
609,318.5,294.0,366.0,365.24219,887.3425923306479,21.46015115307116,0.046597994248371834,False,False,True,False
610,318.5,294.0,367.0,365.24219,1326.6211033854242,21.46015115307116,0.046597994248371834,False,False,True,False
611,318.5,294.0,368.0,365.24219,1765.8996144402004,21.46015115307116,0.046597994248371834,False,False,True,False
612,318.5,295.0,360.0,365.24219,5000.0,21.46015115307116,0.046597994248371834,False,False,True,False
613,318.5,295.0,361.0,365.24219,5000.0,21.46015115307116,0.046597994248371834,False,False,True,False
614,318.5,295.0,362.0,365.24219,5000.0,21.46015115307116,0.046597994248371834,False,False,True,False
615,318.5,295.0,363.0,365.24219,2688.3844876552307,21.46015115307116,0.046597994248371834,False,False,True,False
616,318.5,295.0,364.0,365.24219,52.71342132657315,21.46015115307116,0.046597994248371834,True,False,True,False
617,318.5,295.0,365.0,365.24219,2688.3844876552307,21.46015115307116,0.046597994248371834,False,False,True,False
618,318.5,295.0,366.0,365.24219,5000.0,21.46015115307116,0.046597994248371834,False,False,True,False
619,318.5,295.0,367.0,365.24219,5000.0,21.46015115307116,0.046597994248371834,False,False,True,False
620,318.5,295.0,368.0,365.24219,5000.0,21.46015115307116,0.046597994248371834,False,False,True,False
621,318.5,296.0,360.0,365.24219,5000.0,21.46015115307116,0.046597994248371834,False,False,True,False
622,318.5,296.0,361.0,365.24219,5000.0,21.46015115307116,0.046597994248371834,False,False,True,False
623,318.5,296.0,362.0,365.24219,5000.0,21.46015115307116,0.046597994248371834,False,False,True,False
624,318.5,296.0,363.0,365.24219,4928.704894034589,21.46015115307116,0.046597994248371834,False,False,True,False
625,318.5,296.0,364.0,365.24219,96.64127243205077,21.46015115307116,0.046597994248371834,False,False,True,False
626,318.5,296.0,365.0,365.24219,4928.704894034589,21.46015115307116,0.046597994248371834,False,False,True,False
627,318.5,296.0,366.0,365.24219,5000.0,21.46015115307116,0.046597994248371834,False,False,True,False
628,318.5,296.0,367.0,365.24219,5000.0,21.46015115307116,0.046597994248371834,False,False,True,False
629,318.5,296.0,368.0,365.24219,5000.0,21.46015115307116,0.046597994248371834,False,False,True,False
630,318.5,297.0,360.0,365.24219,5000.0,21.46015115307116,0.046597994248371834,False,False,True,False
631,318.5,297.0,361.0,365.24219,5000.0,21.46015115307116,0.046597994248371834,False,False,True,False
632,318.5,297.0,362.0,365.24219,5000.0,21.46015115307116,0.046597994248371834,False,False,True,False
633,318.5,297.0,363.0,365.24219,5000.0,21.46015115307116,0.046597994248371834,False,False,True,False
634,318.5,297.0,364.0,365.24219,140.56912353752838,21.46015115307116,0.046597994248371834,False,False,True,False
635,318.5,297.0,365.0,365.24219,5000.0,21.46015115307116,0.046597994248371834,False,False,True,False
636,318.5,297.0,366.0,365.24219,5000.0,21.46015115307116,0.046597994248371834,False,False,True,False
637,318.5,297.0,367.0,365.24219,5000.0,21.46015115307116,0.046597994248371834,False,False,True,False
638,318.5,297.0,368.0,365.24219,5000.0,21.46015115307116,0.046597994248371834,False,False,True,False
639,318.5,298.0,360.0,365.24219,5000.0,21.46015115307116,0.046597994248371834,False,False,True,False
640,318.5,298.0,361.0,365.24219,5000.0,21.46015115307116,0.046597994248371834,False,False,True,False
641,318.5,298.0,362.0,365.24219,5000.0,21.46015115307116,0.046597994248371834,False,False,True,False
642,318.5,298.0,363.0,365.24219,5000.0,21.46015115307116,0.046597994248371834,False,False,True,False
643,318.5,298.0,364.0,365.24219,184.496974643006,21.46015115307116,0.046597994248371834,False,False,True,False
644,318.5,298.0,365.0,365.24219,5000.0,21.46015115307116,0.046597994248371834,False,False,True,False
645,318.5,298.0,366.0,365.24219,5000.0,21.46015115307116,0.046597994248371834,False,False,True,False
646,318.5,298.0,367.0,365.24219,5000.0,21.46015115307116,0.046597994248371834,False,False,True,False
647,318.5,298.0,368.0,365.24219,5000.0,21.46015115307116,0.046597994248371834,False,False,True,False
648,364.0,290.0,360.0,365.24219,5000.0,21.46015115307116,0.046597994248371834,False,False,True,False
649,364.0,290.0,361.0,365.24219,5000.0,21.46015115307116,0.046597994248371834,False,False,True,False
650,364.0,290.0,362.0,365.24219,5000.0,21.46015115307116,0.046597994248371834,False,False,True,False
651,364.0,290.0,363.0,365.24219,5000.0,21.46015115307116,0.046597994248371834,False,False,True,False
652,364.0,290.0,364.0,365.24219,191.88334714301195,21.46015115307116,0.046597994248371834,False,False,True,False
653,364.0,290.0,365.0,365.24219,5000.0,21.46015115307116,0.046597994248371834,False,False,True,False
654,364.0,290.0,366.0,365.24219,5000.0,21.46015115307116,0.046597994248371834,False,False,True,False
655,364.0,290.0,367.0,365.24219,5000.0,21.46015115307116,0.046597994248371834,False,False,True,False
656,364.0,290.0,368.0,365.24219,5000.0,21.46015115307116,0.046597994248371834,False,False,True,False
657,364.0,291.0,360.0,365.24219,5000.0,21.46015115307116,0.046597994248371834,False,False,True,False
658,364.0,291.0,361.0,365.24219,5000.0,21.46015115307116,0.046597994248371834,False,False,True,False
659,364.0,291.0,362.0,365.24219,5000.0,21.46015115307116,0.046597994248371834,False,False,True,False
660,364.0,291.0,363.0,365.24219,5000.0,21.46015115307116,0.046597994248371834,False,False,True,False
661,364.0,291.0,364.0,365.24219,146.1968359184853,21.46015115307116,0.046597994248371834,False,False,True,False
662,364.0,291.0,365.0,365.24219,5000.0,21.46015115307116,0.046597994248371834,False,False,True,False
663,364.0,291.0,366.0,365.24219,5000.0,21.46015115307116,0.046597994248371834,False,False,True,False
664,364.0,291.0,367.0,365.24219,5000.0,21.46015115307116,0.046597994248371834,False,False,True,False
665,364.0,291.0,368.0,365.24219,5000.0,21.46015115307116,0.046597994248371834,False,False,True,False
666,364.0,292.0,360.0,365.24219,5000.0,21.46015115307116,0.046597994248371834,False,False,True,False
667,364.0,292.0,361.0,365.24219,5000.0,21.46015115307116,0.046597994248371834,False,False,True,False
668,364.0,292.0,362.0,365.24219,5000.0,21.46015115307116,0.046597994248371834,False,False,True,False
669,364.0,292.0,363.0,365.24219,5000.0,21.46015115307116,0.046597994248371834,False,False,True,False
670,364.0,292.0,364.0,365.24219,100.51032469395864,21.46015115307116,0.046597994248371834,False,False,True,False
671,364.0,292.0,365.0,365.24219,5000.0,21.46015115307116,0.046597994248371834,False,False,True,False
672,364.0,292.0,366.0,365.24219,5000.0,21.46015115307116,0.046597994248371834,False,False,True,False
673,364.0,292.0,367.0,365.24219,5000.0,21.46015115307116,0.046597994248371834,False,False,True,False
674,364.0,292.0,368.0,365.24219,5000.0,21.46015115307116,0.046597994248371834,False,False,True,False
675,364.0,293.0,360.0,365.24219,5000.0,21.46015115307116,0.046597994248371834,False,False,True,False
676,364.0,293.0,361.0,365.24219,5000.0,21.46015115307116,0.046597994248371834,False,False,True,False
677,364.0,293.0,362.0,365.24219,5000.0,21.46015115307116,0.046597994248371834,False,False,True,False
678,364.0,293.0,363.0,365.24219,2796.0144869410315,21.46015115307116,0.046597994248371834,False,False,True,False
679,364.0,293.0,364.0,365.24219,54.82381346943199,21.46015115307116,0.046597994248371834,True,False,True,False
680,364.0,293.0,365.0,365.24219,2796.0144869410315,21.46015115307116,0.046597994248371834,False,False,True,False
681,364.0,293.0,366.0,365.24219,5000.0,21.46015115307116,0.046597994248371834,False,False,True,False
682,364.0,293.0,367.0,365.24219,5000.0,21.46015115307116,0.046597994248371834,False,False,True,False
683,364.0,293.0,368.0,365.24219,5000.0,21.46015115307116,0.046597994248371834,False,False,True,False
684,364.0,294.0,360.0,365.24219,1836.5977512259715,21.46015115307116,0.046597994248371834,False,False,True,False
685,364.0,294.0,361.0,365.24219,1379.7326389807051,21.46015115307116,0.046597994248371834,False,False,True,False
686,364.0,294.0,362.0,365.24219,922.8675267354383,21.46015115307116,0.046597994248371834,False,False,True,False
687,364.0,294.0,363.0,365.24219,466.00241449017193,21.46015115307116,0.046597994248371834,False,False,True,False
688,364.0,294.0,364.0,365.24219,9.137302244905332,21.46015115307116,0.046597994248371834,True,True,True,True
689,364.0,294.0,365.0,365.24219,466.00241449017193,21.46015115307116,0.046597994248371834,False,False,True,False
690,364.0,294.0,366.0,365.24219,922.8675267354383,21.46015115307116,0.046597994248371834,False,False,True,False
691,364.0,294.0,367.0,365.24219,1379.7326389807051,21.46015115307116,0.046597994248371834,False,False,True,False
692,364.0,294.0,368.0,365.24219,1836.5977512259715,21.46015115307116,0.046597994248371834,False,False,True,False
693,364.0,295.0,360.0,365.24219,5000.0,21.46015115307116,0.046597994248371834,False,False,True,False
694,364.0,295.0,361.0,365.24219,5000.0,21.46015115307116,0.046597994248371834,False,False,True,False
695,364.0,295.0,362.0,365.24219,5000.0,21.46015115307116,0.046597994248371834,False,False,True,False
696,364.0,295.0,363.0,365.24219,2796.0144869410315,21.46015115307116,0.046597994248371834,False,False,True,False
697,364.0,295.0,364.0,365.24219,54.82381346943199,21.46015115307116,0.046597994248371834,True,False,True,False
698,364.0,295.0,365.0,365.24219,2796.0144869410315,21.46015115307116,0.046597994248371834,False,False,True,False
699,364.0,295.0,366.0,365.24219,5000.0,21.46015115307116,0.046597994248371834,False,False,True,False
700,364.0,295.0,367.0,365.24219,5000.0,21.46015115307116,0.046597994248371834,False,False,True,False
701,364.0,295.0,368.0,365.24219,5000.0,21.46015115307116,0.046597994248371834,False,False,True,False
702,364.0,296.0,360.0,365.24219,5000.0,21.46015115307116,0.046597994248371834,False,False,True,False
703,364.0,296.0,361.0,365.24219,5000.0,21.46015115307116,0.046597994248371834,False,False,True,False
704,364.0,296.0,362.0,365.24219,5000.0,21.46015115307116,0.046597994248371834,False,False,True,False
705,364.0,296.0,363.0,365.24219,5000.0,21.46015115307116,0.046597994248371834,False,False,True,False
706,364.0,296.0,364.0,365.24219,100.51032469395864,21.46015115307116,0.046597994248371834,False,False,True,False
707,364.0,296.0,365.0,365.24219,5000.0,21.46015115307116,0.046597994248371834,False,False,True,False
708,364.0,296.0,366.0,365.24219,5000.0,21.46015115307116,0.046597994248371834,False,False,True,False
709,364.0,296.0,367.0,365.24219,5000.0,21.46015115307116,0.046597994248371834,False,False,True,False
710,364.0,296.0,368.0,365.24219,5000.0,21.46015115307116,0.046597994248371834,False,False,True,False
711,364.0,297.0,360.0,365.24219,5000.0,21.46015115307116,0.046597994248371834,False,False,True,False
712,364.0,297.0,361.0,365.24219,5000.0,21.46015115307116,0.046597994248371834,False,False,True,False
713,364.0,297.0,362.0,365.24219,5000.0,21.46015115307116,0.046597994248371834,False,False,True,False
714,364.0,297.0,363.0,365.24219,5000.0,21.46015115307116,0.046597994248371834,False,False,True,False
715,364.0,297.0,364.0,365.24219,146.1968359184853,21.46015115307116,0.046597994248371834,False,False,True,False
716,364.0,297.0,365.0,365.24219,5000.0,21.46015115307116,0.046597994248371834,False,False,True,False
717,364.0,297.0,366.0,365.24219,5000.0,21.46015115307116,0.046597994248371834,False,False,True,False
718,364.0,297.0,367.0,365.24219,5000.0,21.46015115307116,0.046597994248371834,False,False,True,False
719,364.0,297.0,368.0,365.24219,5000.0,21.46015115307116,0.046597994248371834,False,False,True,False
720,364.0,298.0,360.0,365.24219,5000.0,21.46015115307116,0.046597994248371834,False,False,True,False
721,364.0,298.0,361.0,365.24219,5000.0,21.46015115307116,0.046597994248371834,False,False,True,False
722,364.0,298.0,362.0,365.24219,5000.0,21.46015115307116,0.046597994248371834,False,False,True,False
723,364.0,298.0,363.0,365.24219,5000.0,21.46015115307116,0.046597994248371834,False,False,True,False
724,364.0,298.0,364.0,365.24219,191.88334714301195,21.46015115307116,0.046597994248371834,False,False,True,False
725,364.0,298.0,365.0,365.24219,5000.0,21.46015115307116,0.046597994248371834,False,False,True,False
726,364.0,298.0,366.0,365.24219,5000.0,21.46015115307116,0.046597994248371834,False,False,True,False
727,364.0,298.0,367.0,365.24219,5000.0,21.46015115307116,0.046597994248371834,False,False,True,False
728,364.0,298.0,368.0,365.24219,5000.0,21.46015115307116,0.046597994248371834,False,False,True,False
